{
  "project_info": {
    "project_number": "728028446606",
    "project_id": "quobii-b09f0",
    "storage_bucket": "quobii-b09f0.appspot.com"
  },
  "client": [
    {
      "client_info": {
        "mobilesdk_app_id": "1:728028446606:android:d67126b6eced7cf50e6edf",
        "android_client_info": {
          "package_name": "com.example.quobii"
        }
      },
      "oauth_client": [
        {
          "client_id": "728028446606-rk67851mv1t9jb7i7b5nr7nk241prtih.apps.googleusercontent.com",
          "client_type": 3
        }
      ],
      "api_key": [
        {
          "current_key": "AIzaSyBtxcCUNnAtGm3jEtreYNWYv-1qyFCV4Yc"
        }
      ],
      "services": {
        "appinvite_service": {
          "other_platform_oauth_client": [
            {
              "client_id": "728028446606-rk67851mv1t9jb7i7b5nr7nk241prtih.apps.googleusercontent.com",
              "client_type": 3
            }
          ]
        }
      }
    }
  ],
  "configuration_version": "1"
}